{
	"camera_boyfriend": [
		0,
		0
	],
	"_editorMeta": {
		"boyfriend": "bf-holding-gf",
		"gf": "pico-speaker",
		"dad": "tankman"
	},
	"preload": {
		"images/stage_light": 2,
		"images/stagecurtains": 2,
		"images/stagefront": 3,
		"images/stageback": 3
	},
	"girlfriend": [
		400,
		130
	],
	"stageUI": "",
	"boyfriend": [
		955,
		95
	],
	"objects": [
		{
			"x": 323,
			"y": 292,
			"scale": [
				1,
				1
			],
			"image": "Screenshot 2025-08-19 192714",
			"flipX": false,
			"filters": 3,
			"color": "FFFFFF",
			"angle": 0,
			"name": "ihateu",
			"antialiasing": true,
			"flipY": false,
			"scroll": [
				1,
				1
			],
			"alpha": 1,
			"type": "sprite"
		},
		{
			"type": "gf"
		},
		{
			"type": "dad"
		},
		{
			"type": "boyfriend"
		}
	],
	"camera_girlfriend": [
		0,
		0
	],
	"defaultZoom": 0.9,
	"camera_speed": 1,
	"directory": "week1",
	"opponent": [
		100,
		100
	],
	"camera_opponent": [
		0,
		0
	],
	"hide_girlfriend": false
}